Mixture,B cells naive,B cells memory,Plasma cells,T cells CD8,T cells CD4 naive,T cells CD4 memory resting,T cells CD4 memory activated,T cells follicular helper,T cells regulatory (Tregs),T cells gamma delta,NK cells resting,NK cells activated,Monocytes,Macrophages M0,Macrophages M1,Macrophages M2,Dendritic cells resting,Dendritic cells activated,Mast cells resting,Mast cells activated,Eosinophils,Neutrophils,P-value,Correlation,RMSE
wu101,0.318859764375313,0,0,0,0.0651478221486237,0,0,0,0.351222834191842,0,0.140721445896297,0,0,0.0404150564178717,0,0,0.0197634326568839,0,0.0638696443131685,0,0,0,0.998,-0.106043016493431,1.19410634968459
wu103,0.0966279512176266,0,0,0,0.150495276634859,0.163258373265145,0.189616500602158,0,0.00162361772610235,0,0.101295379974294,0,0.0827501510818383,0,0,0.0817847731841207,0.00134696461318094,0.0148281245144441,0.0657518678203864,0,0.050621019365845,0,0.998,-0.0957858763011174,1.12491554684612
wu106,0.250468056051419,0,0.0155481202610033,0.0186102625430451,0,0.154584717635715,0,0.00881025823802394,0.103137005769236,0,0.00272849237284732,0,0.0647874830303025,0.0388115193295023,0,0.0276918236879617,0,0.0889185998720396,0.225903661208904,0,0,0,0.984,-0.0560078095990636,1.12790799164701
wu112,0.263033180993635,0,0,0.103735413081051,0,0.197187029281924,0.0946371408393468,0,0,0,0,0.0293056671572764,0.179845270284416,0,0,0.0456077432158037,0,0.0476429469512906,0.0191336792315616,0.00221230841844695,0.017659620545248,0,0.802,0.00264043245905812,1.10572456280976
wu113,0.118867719390913,0,0.0766910747111494,0,0,0.0856483452041275,0,0.115575142183108,0.0936416763353878,0,0.167162874624619,0,0.057190790260412,0,0,0.150072886176572,0,0.0687711920059927,0.0224166732299365,0,0.0439616258777812,0,0.706,0.0250427573330461,1.07485481657421
wu114,0.141940659870879,0,0,0,0,0.235443567191272,0,0,0,0,0.152078495967802,0,0.035348973610581,0.0198642402534292,0,0.248962073973036,0,0.115975033976814,0.0159445287961467,0,0.0344424263600402,0,0.992,-0.0759507454023541,1.12986681210442
wu115,0.306701905605313,0,0,0,0,0.165115832155152,0,0,0,0,0.214595003314091,0,0.0309057552251332,0,0,0.0952215074175266,0,0.0490076750674715,0.138452321215313,0,0,0,0.998,-0.109352905187,1.16508488320032
wu118,0.370577052042144,0,0,0.0620599127582976,0,0.137021809423364,0,0.105410952663974,0.0702143254191975,0,0.158652072955294,0,0.0620037239052428,0,0,0,0.0064524902700272,0.0264003377054816,0,8.47915198637953e-05,0,0.00112253133711287,0.99,-0.0658518359217446,1.18430196311189
wu119,0.171871706374957,0,0.0189496210769144,0,0.0412157260025511,0.417627186614693,0,0,0.131671576629845,0,0.0685989041260719,0,0.0107987182107331,0,0.00318514972961178,0.0800350510331928,0,0,0.0454610416216703,0,0,0.0105853185797598,0.998,-0.110465382143153,1.19592298571401
wu120,0.0648155167335355,0,0,0,0.00283068937993995,0.0495847210531656,0.0403455095135716,0,0,0,0.00998240049762319,0.000570693736046773,0,0.394400061996751,0,0.289047963975473,0,0.0388163058442756,0,0.109606137269618,0,0,0,0.615013604870802,0.794793795358471
wu121,0.17803750418511,0,0.0858231447763158,0.0535232321636862,0.0852985978506471,0.11890134867846,0.074178250151102,0,0,0,0.173774213637055,0,0.0386110548310239,0.0450836313882273,0,0.0197440355604778,0,0.0379180561810441,0.0891069305968511,0,0,0,0.992,-0.0778747113203305,1.12530098580925
wu122,0.0503968189849051,0,0,0,0,0.150007764676216,0,0.0531473290119125,0,0,0.110896309920693,0,0.0733173105608865,0,0,0.301874417372588,0,0.193211087037625,0.0671489624351735,0,0,0,0.998,-0.0925845844152066,1.13297185433734
wu123,0.300859671904729,0,0.0170303649752349,0.0281460693927028,0.0525626986416281,0.209885933943369,0.111231746226592,0,0,0,0.0416318620495943,0.00450905386366659,0.0543871189508454,0,0,0.000457122705358752,0,0,0,0.150377270628711,0.0289210867175673,0,0.874,-0.0140375858028589,1.12068844647369
wu124,0.193605290497501,0,0,0,0.147750600139123,0.0664765246269493,0,0,0.0354675476235032,0,0.194122300441772,0,0.0274711560478557,0,0,0.133366522868153,0,0.0394761033383933,0.16226395441675,0,0,0,0.996,-0.0883457344738186,1.13940158848712
wu125,0.294700025067823,0,0.0506771570865839,0.189705999001903,0,0.0762743225263883,0,0.0603006668517235,0.170303767791869,0,0.0680661955270238,0,0,0.000300852121124621,0,0.0183367583583292,0,0,0.0713342556672313,0,0,0,0.996,-0.0894429951753402,1.18130861830934
wu126,0.107443069752113,0,0.0323902023956538,0.17118056969806,0,0.115449164661902,0.065718575112038,0,0,0,0,0,0.0512178228841051,0.03819941043291,0,0.181505103847762,0,0.0528183917605848,0.146654356236307,0,0.0374233332185646,0,0.468,0.0661106817212477,1.05485263767184
wu127,0.219044237085733,0,0.0280343875402609,0.0694266414809915,0.104157501134119,0.192334500668232,0,0,0,0,0.111885439762139,0,0.0460618099499599,0.0712744827228046,0.0459505049406784,0.00935101972280023,0,0,0.0993466612163878,0,0.00313281377589466,0,0.998,-0.113499427743371,1.15830255414302
wu128,0.233638911877061,0,0,0.0887519039378142,0.0351011045160072,0.0190874729063591,0.255949781290329,0,0,0,0.168810369519888,0,0.0400352350475414,0.0768382975596079,0,0,0,0.0319897676333411,0.0497971557120509,0,0,0,0.776,0.00773773025797286,1.09232802277233
wu129,0.114167057050236,0,0,0.00648464782089847,0.0261865201693947,0.0530995251586466,0,0,0.0141913437137553,0,0.16631809925552,0,0.07692545773118,0,0,0.0794789710393413,0,0.113090346732302,0,0.243704275400105,0.10635375592862,0,0.866,-0.0119521699935712,1.11255725903041
wu130,0.195088489467589,0,0.0143455856962777,0.0957705583731921,0.0556973071735413,0.0810831296516062,0.151336361342713,0.0567871136212021,0,0,0.103109594814208,0,0.0569355590746985,0.013159105236566,0.01167261838535,0.127278715316712,0,0,0.0377358618463438,0,0,0,0.578,0.0476077070114986,1.07107385297267
wu131,0.321402439726067,0,0,0,0.0825751826306305,0.292929457343514,0,0,0,0,0.0383892606928785,0.00519194922003065,0.0067775189655444,0.0268545113066364,0,0.0550552187311068,0.00399052315271013,0,0.150703987887004,0,0.0161299503438782,0,0.974,-0.0517958900473034,1.15390149155912
wu132,0.10066328960576,0,0,0,0,0.213823778814579,0,0,0.027635372872104,0,0.160052593909885,0,0.0864955676766864,0.00511920464788448,0,0.292820278607931,0.0289123630969723,0.00895619594055629,0.0707325790724104,0,0.00478877575523088,0,0.752,0.0138991037012828,1.09544077442168
wu134,0.0405861918373563,0,0,0,0.27433532320263,0,0,0,0.0942426456304752,0,0.257054362611635,0,0.0141417781408381,0,0,0.0944686050477867,0,0.0368440398529785,0.0930604187086356,0,0.0952666349676645,0,0.998,-0.109796935712351,1.16349152848586
wu135,0.227851821478458,0,0.00605625226487953,0.000741323676001486,0,0.0659056608233672,0,0.25737701539911,0,0,0,0.0263717859570901,0.0688096896709599,0.129739253369487,0.0600384024654237,0,0,0,0,0.157108794895224,0,0,0.848,-0.00729784357399854,1.11029162296789
wu137,0.293836118619572,0,0.0582575669109263,0.290913758862647,0,0.161103938490582,0,0,0,0,0,0.0109941255448983,0.061879927552953,0.0473429362402317,0,0,0,0.0321336542283564,0.0109201816024196,0,0.0326177919474138,0,0.958,-0.0394611903941196,1.14800828461409
wu138,0.184016120981488,0,0.0133679297976543,0.155141281906592,0,0.0441993776589603,0.179570074426369,0.0428361873484015,0,0,0.105094738014389,0,0.056338514044049,0,0,0.0896159264159953,0,0.0531676225201282,0.0618935874424181,0.0147586394435552,0,0,0.974,-0.0519036062646578,1.1040172854205
wu139,0.322016741711899,0,0.02788891092203,0,0.231608909177653,0.00197995328462445,0,0,0.0564790872897693,0,0.157908226431948,0,0,0.027416858182445,0,0,0,0,0.130415096262084,0,0.0442862167375475,0,0.962,-0.0434523750511585,1.14392581301053
wu140,0.16170429811102,0,0.0257268836444195,0,0.128076840044411,0.204478823258959,0,0.0904879086838084,0,0,0.179722923895868,0,0.0387631023617248,0.0206341748329162,0.0378818228682379,0.100713504901907,0,0,0,0.00203208463468981,0.0097776327620381,0,0.324,0.0988661632035307,1.07421440548028
wu141,0.164209723266763,0,0.0274776115947213,6.7323869505028e-05,0.10304756597915,0.151901039314655,0.125887373080081,0,0,0,0.0396650206202714,0,0.0394871939888589,0.0167223350063919,0,0.121524900248478,0,0.0494565826016546,0.160553330429471,0,0,0,0.998,-0.0932565344542061,1.11525371007495
wu142,0.290481017227174,0,0,0.11896157554737,0,0,0,0,0.0707272548032166,0,0.0115102282135073,0,0.0139762572017265,0.167786949379684,0,0.0928735287088448,0,0,0.110742051237639,0,0.122941137680839,0,0.792,0.00459263606417719,1.1076910665862
wu143,0.159240805207298,0,0.0189720903781534,0,0.190348563226048,0.145441846592877,0,0,0,0,0.15685993297326,0,0.0693946568087689,0.0479865801533305,0,0.0997518774468537,0.0467505694190814,0.0487151818708332,0,0.0165378959234947,0,0,0.128,0.142567114468185,1.03968263474756
wu144,0.0912639370392412,0,0.000109986590667696,0.162188736316965,0,0.123785175908904,0.0306613383206341,0,0.00895842279715214,0,0.217984371806239,0,0.10711213132971,0.0584121578686082,0,0,0,0.110025547682422,0.0894981943394556,0,0,0,0.998,-0.0900719373604135,1.1575400261439
wu145,0.065319638819494,0,0,0,0.0543553550863112,0.0579463498585964,0.119259872245439,0.00750064169930553,0,0.0356076532336091,0.0111360261826521,0,0,0.35654884324933,0,0.213253068084695,0,0.045321930649874,0.0183173916291419,0.0154332292615513,0,0,0,0.433458653275918,0.917277436398255
wu146,0.180142754558669,0,0.00814698719994431,0,0,0.146435088674076,0,0.0852461942841068,0.0785314014603953,0,0.065946765280372,0,0.0315809784849246,0.0543001050165756,0,0.090111495812486,0,0.0141746357550419,0.245383593473409,0,0,0,0.998,-0.104875232824664,1.1486002297092
wu147,0.288557241232768,0,0,0.0703802701938676,0.00291452019019017,0.124442466887153,0.225902401066548,0,0,0,0.0465015058879707,0,0.0566349425213585,0.0144687875691069,0,0.0663061065914586,0,0.0124730361684865,0.0914187216910913,0,0,0,0.916,-0.0252016903909846,1.10074489224839
wu148,0.0661385766002245,0,0,0,0,0.231282689933581,0.0735958914033947,0.0186709771402715,0.0386155356574515,0,0.142089780686649,0,0.050298578585521,0.0646247216326524,0,0.210511216604196,0,0.0640939698284233,0.0400780619276354,0,0,0,0.75,0.0148851171605648,1.08922053902562
wu150,0.209811744811244,0,0.00627204343143942,0.0149833770169693,0,0.108148411662358,0.0380361650597379,0.00470062606985813,0,0,0.00733941173119949,0,0.0770856737981416,0.324592929527352,0,0.0822893219134527,0,0.00987479989290643,0,0.105337483573606,0.0115280115117344,0,0.02,0.269243037469838,1.0088285830567
wu151,0.273144166289281,0,0.00655989757579999,0.281857350016227,0,0,0.0969972969519027,0.0536247406760538,0,0,0,0,0.00989329343123875,0,0,0.151085513110144,0,0.0876794425186528,0.039158299430699,0,0,0,0.88,-0.0152913922610832,1.10343800075938
wu152,0.32003732408148,0,0.0202351526967823,0.191519908779898,0,0.0140015007489213,0,0,0.120353629016869,0,0.0975564172923476,0,0.0404700223813491,0,0,0.0656738216628682,0,0.074443286107754,0,0.0557089372317301,0,0,0.998,-0.0954806285576241,1.15769724319481
wu153,0.297937625517063,0,0.0263589315130248,0.115586646434992,0,0.0633991284120658,0,0.0414728912286004,0.0616794733695337,0,0.0419572236508286,0,0.0654101214994657,0.0121558682167218,0,0.106907519586902,0,0.064157558251729,0,0.0388952141721785,0.0640817981468941,0,0.984,-0.0587754203028156,1.12066486234418
wu154,0.046327513655068,0,0.015125029500704,0.00471011684297409,0,0.105133131640541,0.061462952835806,0,0,0,0.0308421385158581,0,0.0127240470833558,0.374917729136826,0,0.227931158462553,0,0.0279128861938891,0.0929132961324254,0,0,0,0,0.550825319523018,0.837813416959309
wu157,0.0837887302422702,0,0,0,0.0767328753918897,0.0986964777411587,0,0,0.0864452122668756,0,0.0857646711983001,0,0.0573064187626899,0,0,0.166776486140827,0,0.195546755495823,0.0478513943301876,0.0768126300584615,0.0242783483715167,0,0.98,-0.0534177004902513,1.10723861103378
wu158,0.0857637933832709,0,0,0,0,0.10000179792952,0.0782370825620059,0,0.0423456628421593,0,0.059678810761319,0,0,0.361826983307388,0,0.142017051329413,0,0.0156320460668498,0.114496771818075,0,0,0,0.004,0.328221805267597,0.977093892235158
wu159,0.0784796584648204,0,0,0,0,0.00876785688170257,0.0388356187544715,0,0.0678246201561524,0,0.0636777493202996,0,0,0.455687599999393,0,0.22345674557381,0,0.0419397523895924,0.0213303984597575,0,0,0,0,0.467527988863962,0.917781426393177
wu160,0.299604447943901,0,0.00339066677463519,0.0709058600400792,0.0136229278787924,0.130148766551109,0.310422372881161,0,0,0,0.000505336150370239,0.0187345598804299,0.0426611996971594,0,0,0.00323461175298598,0.0235690414589309,0.0289499496680855,0,0.0542502593223605,0,0,0.874,-0.0136243117055591,1.10293891124825
wu161,0.0819813204691692,0,0.00663674919866538,0.00727032909793954,0.0477939645879018,0.190678143550352,0.174190615707193,0,0,0,0.0489763233741569,0,0.0276682063426207,0.252815691560262,0,0.0958007600953709,0,0.062953233455789,0,0.0032346625605797,0,0,0,0.553124892333632,0.833958974562556
wu163,0.189499686402561,0,0,0,0,0.0363299806427539,0,0,0.174087554116858,0,0.0882887981139764,0,0.0664171742098405,0,0,0.295383521893981,0,0,0.138570212235906,0,0.0114230723841228,0,0.858,-0.0103734207190697,1.102116936806
wu165,0.261695887131186,0,0.00563455384597612,0.0177061510518386,0.021910352887089,0.0646968326541424,0,0,0.150146223062047,0,0.169621749441952,0,0.0388154004838926,0.0190986512477785,0,0.0793927375039853,0.0199741534426581,0,0.126759244983906,0,0.0245480622635476,0,0.97,-0.0472859653058256,1.12699045964646
wu167,0.185134079814773,0,0.0638439159055983,0.0429590520660951,0.0493367955545976,0.0217275424156933,0.0863620438159688,0,0,0,0.156916770674897,0,0,0,0,0.112583505186846,0.0406217973792458,0,0,0.0460338000110098,0.194480697175275,0,0.99,-0.068084099867477,1.10795446118439
wu168,0.0445937629549565,0,0.0676939744729044,0,0,0.393824709442886,0,0,0.0380927082275352,0,0.0879462055304047,0,0,0.0680140271669794,0,0.0630185356806879,0,0.017446277067119,0.206163698377404,0,0.0132061010791232,0,0.984,-0.0579057798561332,1.13764033726124
wu169,0.145418595506213,0,0,0,0.0211770543693021,0.194585161244032,0,0,0,0,0.0161886968510998,0.0144604152791959,0.0214094611956944,0,0,0.250105002557429,0,0.00149807681021589,0.271625188912289,0,0.063532347274529,0,0.676,0.0304463762728181,1.09827338488034
wu171,0.149045681383697,0,0.00703805850822043,0.00163904353227935,0.0671607485332965,0.114075154772274,0.0441871543434476,0,0,0,0.0802301610764248,0,0.0212840456371165,0.292940032698437,0.00344853025903733,0.103540939366614,0,0.0228408450468032,0,0.0925696048423522,0,0,0.002,0.392097861821357,0.930133569245566
wu174,0.0176636356782665,0,0.0497565428190898,0.116788063766363,0,0.0736980685604148,0,0.188636172585139,0,0,0,0,0.0647722815319876,0,0,0.364097608821341,0,0.0739296086124719,0,0,0.0506580176249268,0,0.96,-0.0416213494296587,1.11794561329628
wu176,0.282871192708327,0,0.0211380177883026,0.0171688500046782,0.0581959383578534,0.156044417947504,0.107853603441309,0,0,0,0.115044004251802,0,0.0561518596896223,0.0298548929197422,0,0.054849151857724,0,0.0359246384733915,0.0649034325597439,0,0,0,0.996,-0.0882906180261165,1.1333832519178
wu178,0.160354913616594,0,0.28140190059515,0.141288354436421,0,0,0,0,0.173872343123551,0,0.074725122725726,0,0.00929034540776157,0.0548198591566443,0,0,0.0424548526704478,0.00535583753737692,0,0.00150505683419016,0.054931413896137,0,0.992,-0.0737062593945826,1.11127687401926
wu181,0.190980214894426,0,0,0,0,0.238907778405612,0.172493133328986,0,0,0,0.10784924052157,0,0.0644648612220513,0.0714209999939379,0,0.00528405192870396,0.0156230479369147,0.0657818410383427,0.0418880799304722,0,0.0253067507989826,0,0.688,0.0286264743724375,1.07701902210869
wu182,0.253122999959405,0,0,0,0,0.0872737866212018,0,0.0935427342993067,0.125067151736405,0,0.147477050056826,0,0.0115014060149283,0.0360401117368911,0,0.0660520028260033,0.0481316931247281,0,0.0550208508753,0,0.0767702127490052,0,0.954,-0.0380093722768557,1.11945905778244
wu183,0.218679683245924,0,0.120446695805569,0,0,0.149764461573743,0,0,0.0697480343321458,0,0.20688474875692,0,0.0473112271011393,0.0427824631348839,0,0,0.0125038941812061,0.0212892802117008,0.0653668559005785,0,0.0452226557561907,0,0.992,-0.0768656266980917,1.12949182600156
wu184,0.227278826870031,0,0,0.173470773704102,0.0941331534818711,0,0,0,0.165231503026146,0,0.133318006451877,0,0.0184234312871809,0.133383099622308,0,0,0,0,0.0547612055564832,0,0,0,0.998,-0.120233703785945,1.18280524312321
wu186,0.242850353702197,0,0,0.111339970428555,0,0.0617959734314055,0.0216044395728615,0,0.0268270961959229,0,0.103214258167993,0,0.0409895193973074,0,0,0.21552466754622,0,0.0717659132280921,0.0341570673858815,0,0.0699307409435636,0,0.986,-0.0603616842727726,1.11606612477805
wu187,0.157225566517914,0,0,0,0.102483646975514,0.104308319362817,0,0,0.2082966566942,0,0.199941704041743,0,0.0116957037907235,0.0209369654827556,0,0,0.00225210513476613,0.0654593339203679,0.089652322298434,0,0.0377476757807642,0,0.95,-0.0352955448512421,1.13823847469414
wu189,0.0827146825870892,0.0509513692527366,0.0516686827774521,0,0.0605539597802068,0.229287410519772,0.0501103044505315,0,0,0,0.113371497984613,0,0.0934735124753063,0,0,0.0789481617525848,0,0.0503433087912354,0.0716892908450816,0,0.0668878187833904,0,0.404,0.081438497579991,1.05092706699862
wu190,0.116547507853987,0,0,0,0.0413454022719418,0.166235104046001,0.170361056945618,0,0,0,0.121624660993347,0,0.0240780327911201,0,0,0.0864114987690029,0,0.0471997252617126,0.163800464345952,0,0.0623965467213174,0,0.988,-0.0616434318263821,1.10643142186793
wu191,0.147888558605027,0,0.00924567632439746,0,0.19323571972603,0.172960598191265,0,0,0,0,0.11883433712236,0,0.029765695498388,0.0817188113171885,0.069386999747322,0.0679698352034183,0,0,0.108993768264603,0,0,0,0.904,-0.0226898463203499,1.11220645059775
wu192,0.178321733509183,0,0.0112344025867145,0,0.148245582797397,0,0,0.045112220012539,0.193260301417467,0,0.199431602725436,0,0.0469313759683824,0,0,0.141697952201573,0,0,0.0336516314153386,0,0.00211319736597072,0,0.998,-0.091614036816278,1.15490946881057
wu194,0.146049107216893,0,0.093245909974717,0.0714177235381442,0.088213672965477,0.116162438796552,0.190186479781387,0,0,0,0.107548107121106,0,0.0716829963481699,0.0446324971864382,0,0,0,0.0384135489068832,0,0.021049999831761,0.011397518332472,0,0.1,0.15309881304533,1.02355440287081
wu195,0.250008673251553,0,0.0379583847955766,0.0146307311631519,0.121231751657494,0.144235506507813,0.03262956700585,0,0,0,0.125991790670393,0,0.051808541716762,0.0214141544025879,0,0.039007792818527,0.0270538392381297,0.0796094540409853,0,0.0437091539428249,0.0107106587883517,0,0.562,0.0499144855466875,1.07687368780323
wu196,0.134207285914927,0,0.103091560138358,0.0745662469469723,0,0.270799579953906,0,0,0,0,0.124267386499703,0,0.0570938500472871,0,0,0.103134743392162,0,0.028418446019122,0,0.0559810087926519,0.0484398922949103,0,0.998,-0.114367590974724,1.13999830582607
wu197,0.155105027362557,0,0,0.0325611263411614,0,0.049704176373687,0.0294059047547992,0,0.0377061075387919,0,0.12063186511651,0,0.0471677118781127,0,0,0.168342368769093,0.00512728386234779,0.201179283752192,0.109262600810836,0,0.0438065434399121,0,0.972,-0.0489393152080286,1.1024174459791
wu198,0.239622281899369,0,0.0478799301259875,0,0.0344739261034489,0.0156462746736604,0,0.055340861448192,0.0809282907876405,0,0.00321815801396221,0.0653275341533555,0.0575550421563459,0.186792081274824,0,0.138104458853862,0,0.0228584283005953,0.0283694633107162,0,0.0238832688980403,0,0.944,-0.0342090608811006,1.11983885090816
wu199,0.235282304769816,0,0.0531157195193476,0,0.0654059601419687,0.180139507656252,0.116998684786031,0,0,0,0.0902369900002228,0,0.0335721558297291,0.0322761467273847,0,0.0454990768223152,0,0,0.13699098189371,0,0.0104824718532235,0,0.998,-0.0953207040576889,1.12923254578744
wu200,0.145576541057804,0.00527760596469385,0.0473881685701354,0.0961342257583538,0.0696929268506503,0.0510262493657178,0.233012752358078,0,0,0,0.0927755830436882,0,0.0406173508128455,0,0,0.0753668613582458,0,0.0599571813206418,0.0831745535391456,0,0,0,0.392,0.086936995079593,1.04142745313379
wu201,0.146823548195252,0,0,0,0,0.056581888339298,0,0.0591937437623116,0.062912555091645,0,0,0,0.000800165485129447,0,0,0.00405191617336506,0.557498328026285,0,0.0948485953381542,0,0,0.01728925958856,0.444,0.0717319781517524,1.06987521206079
wu202,0.0134103683084159,0,0.00793257014109385,0.0190581380400605,0,0.215193943922888,0,0.0675310539210193,0.0172088012189517,0,0,0,0.0205222799380123,0.331638885707349,0,0.16191864355552,0,0.0733069191093762,0.0722783961373131,0,0,0,0.26,0.108455790956048,1.10248566796716
wu204,0.0647998961760425,0,0.0268838869067424,0.0302398004257217,0.168369442984106,0.157362646801945,0,0,0,0,0.139070041298042,0,0.0624124393329936,0.036770485303139,0,0.131707304834007,0,0.134265964269164,0,0.0286296050255076,0.0194884866425882,0,0.156,0.133448477256599,1.04153080241281
wu205,0.29876693704584,0,0,0.136855293655292,0,0.0596864869055085,0,0,0.0671960630796885,0,0.119856333472943,0.0236378591018035,0.0321022115873743,0.0366149015500167,0,0,0,0.0813967221943509,0.143887191407183,0,0,0,0.998,-0.131315689546402,1.17536529009681
wu206,0.00444351854531022,0.0133310522843395,0.049170561892679,0,0.184819859424463,0.22164250653065,0.0644414113760434,0,0,0.0206094247621449,0.0704117478077954,0,0.000424516519234081,0.101879385206712,0,0.136239646137568,0,0.0691536339477877,0,0.0634327355652728,0,0,0.388,0.0881052410091269,1.06563289736946
wu207,0.216212308516545,0,0,0.00342063384937827,0,0.157438100554493,0,0,0.0480928704276526,0,0.267358897919865,0,0.145494342067234,0.0157576515174009,0,0,0,0.0439634892197845,0.0889129032284201,0,0.0133488026992267,0,0.992,-0.0726782427858329,1.15710798643149
wu208,0.217557888851086,0,0.0708933146906089,0,0.0369206617254039,0.328826527140205,0.0706329831697523,0,0,0,0.0593149766434992,0,0.0336393328944156,0.00431915527338668,0,0,0,0.0263177120195908,0.0945602392027739,0.0570172083892778,0,0,0.924,-0.0276202869076595,1.12154621097238
wu210,0.295167250517356,0,0,0.0791492955926813,0.15356139438104,0,0.148232444129776,0.0456852509393891,0,0,0.117902114228954,0,0.061147475130024,0.0201817262789179,0,0.0309120187126651,0,0.0331804220245261,0,0,0.0148806080646701,0,0.93,-0.0299241860901434,1.12367414084777
wu211,0.0579500967528457,0,0.00539689577260606,0,0.00589131736908155,0.126168939727866,0.0779670600979677,0,0,0,0,0.0399652961076117,0,0.39006055677325,0,0.165106947730435,0,0.0230869132810404,0,0.108405976387295,0,0,0,0.443510824887462,0.917808034599208
wu212,0.343186122283115,0,0,0.0478590385145954,0,0.161336711112348,0.0334461022777653,0,0,0,0.131451519839106,0,0.0432783159900878,0.0315609481057362,0,0.0800425421526967,0,0.0034709931987239,0.10781924591101,0,0.016548460614815,0,0.994,-0.0842016074130773,1.15045234698889
wu214,0.1653630766883,0,0.0262757429795873,0.185968172351815,0,0,0.153246281940127,0,0.113235654516849,0,0,0.0029203122598622,0.0645764166020171,0,0,0.152103576816191,0,0.0585717334909088,0.0520654246789766,0.0114655666671639,0.0142080410082037,0,0.984,-0.0562830878547391,1.09629785813289
wu215,0.0937865323486319,0,0.015262605044703,0.0833020379809004,0.00115421194844483,0.21084542627091,0.0762847861638853,0,0,0,0.16374936906024,0,0.0829470600212119,0.0923224781486782,0,0.0885833043622151,0,0.0369320445115498,0.0220370930575473,0.00489187913550235,0.0279011719455789,0,0.42,0.0781382762983928,1.06857604727393
wu216,0.15992538859478,0,0.0688338742035873,0,0.0362144428963773,0.480414746513161,0.0871635041500202,0,0,0,0,0.00332344516462951,0.0293046279084278,0,0,0,0,0.0254004455967331,0,0.101139417908162,0,0.00828010706412138,0.902,-0.0225233483118316,1.14076588272069
wu217,0.0949065682937517,0,0.0512868537062806,0,0.0633830093819508,0.219135834051287,0.15053595070464,0,0,0,0.119592797104898,0,0.0936262653090191,0,0,0.107684264101419,0,0.0739707897051388,0,0.0258776676416158,0,0,0.522,0.0555150361370298,1.0614061503553
wu218,0.158206448049509,0,0.0487804220797129,0,0.0641843538835291,0.193118920700965,0.0431130292148075,0,0,0,0.107888590191785,0,0.0817370469549686,0.0130990399391989,0,0.0807911757554178,0,0.0388421184160198,0.107839521132543,0,0.0623993336815437,0,0.766,0.0108273198245509,1.07751189152347
wu219,0.122888572222386,0,0,0,0.063397818906255,0.227908476124448,0,0,0,0,0.0875018313082099,0,0.0937497862826551,0.0614537254481113,0,0.113625160685006,0,0,0.229474629022928,0,0,0,0.972,-0.0493810709929252,1.1262020290893
wu220,0.292228768945483,0,0,0,0.0889794287766603,0.161389792283064,0.192880999919441,0,0,0,0,0,0.0168168612105607,0,0,0.0669948789825388,0,0.104003104106569,0,0.0566943092793868,0.0200118564962969,0,0.986,-0.059211491555724,1.12061895909054
wu222,0.170385036493103,0,0.0397420418139437,0,0.0932515699762489,0.113836519581788,0.0121008752311083,0,0.21969142021499,0,0.188394687902849,0,0,0.0699728976095329,0,0.0527576473407329,0,0.0398673038357036,0,0,0,0,0.96,-0.0409909963941517,1.14207131702568
wu223,0.0737178532655656,0.0775041829969885,0.0207178056136656,0,0.129763834806732,0.1905405620794,0.0749657742913438,0,0,0,0.205392465707544,0,0.0182141131780908,0.0560503413621563,0,0.0497260777965732,0,0.0557493023872941,0.0287432075997125,0,0.0189144789149339,0,0.0639999999999999,0.179424018722962,1.02845493874081
wu224,0.203458593555507,0,0.112122449730732,0.0636338024026043,0.047940974994124,0.261982129784522,0.0450959665954195,0,0,0,0.0498903997822817,0,0.0465377539690383,0.0524502558491987,0,0.00397858147984307,0,0,0.107649099894445,0,0.00525999196228502,0,0.542,0.0525571296010313,1.07801246716343
wu226,0.188832149637926,0,0.0109140221785599,0.0568404661373599,0,0.280121091264285,0,0,0.0624394663979147,0,0.0445885456197219,0,0.133590872872792,0.0204163261294693,0.00754754853079746,0.0757830356817434,0,0,0.0915307362123089,0.00123803077419394,0.0261577085629269,0,0.99,-0.0689004432791404,1.13306856887382
wu227,0.0536272151088213,0,0,0.110361479813052,0,0.0395907116918335,0,0.0526812756089281,0.0562398298287973,0,0,0,0.0712264868001353,0.349399802388849,0,0.141170663043739,0,0.0285989769956628,0.0938192538745563,0,0.00328430484562475,0,0.034,0.224547855495046,1.03830496485533
wu229,0.158900770335166,0,0.176288880845033,0,0.0132276223755873,0.199936911230715,0,0,0,0,0.112077431883179,0,0.0265504617889405,0.00334257451814658,0,0.0985872321690029,0,0.0541744303165295,0.156913684537701,0,0,0,0.992,-0.0781326531108404,1.10532662419575
wu232,0.0334029427711975,0,0,0.0527186098939163,0.052400678915805,0.0759261771038955,0.0964813800514207,0,0,0,0.0528689871241487,0,0.0515753129709516,0.264567352998735,0,0.210565974318684,0,0.0469896989465662,0,0.0281721831906837,0.0343307017139961,0,0.004,0.3596863233831,0.949794942792157
wu233,0.0405229184159722,0,0,0,0,0.203602055034019,0,0.0273214756287132,0.0865474107483505,0,0.110186131296492,0,0.0780692515628402,0.263567729655691,0.0141971366292533,0.107012589965704,0,0,0.0633178744541422,0,0.00565542660882163,0,0.444,0.0716937032902884,1.09338060784118
wu234,0.124407722970059,0,0.0231322644777557,0,0.0129783407342963,0.286263482907055,0,0,0.0372574169956586,0.043569657521794,0.0697844560562721,0,0.0483817775102903,0.0725479996752111,0,0.0704616829198347,0,0.044934859481384,0.16628033875039,0,0,0,0.986,-0.0589714612500821,1.12206776283889
wu235,0.30595215310851,0,0,0.169023353838069,0,0.0431191978650667,0.0665299254502714,0,0.000751000254092067,0,0.0634314866813725,0,0.0132499597717206,0.133174217139126,0,0.0229470536772061,0,0,0.163287667238788,0,0.018533984975778,0,0.998,-0.105662930372378,1.15459903871869
wu236,0.251460514233572,0,0.0258522859655416,0,0,0.189981937992145,0,0.0416498489676718,0.0091958128330267,0,0,0.038030446844151,0.0664571241824646,0,0,0.107200111938332,0.00222010022404384,0.037568869241987,0.229710769765562,0,0.000672177811502157,0,0.816,0.000609351782454071,1.10301271843436
wu237,0.234021417800005,0,0.0045183035969663,0.0527380401573769,0,0.24933174948657,0.121120400237718,0.0219951121297028,0,0,0,0.0558420083712794,0.111526554540891,0.0817795613048531,0,0,0,0.00707934104667902,0.034039982012588,0,0.0260075293153705,0,0.998,-0.0991596585007278,1.14664996535516
wu242,0.285662214498023,0,0.010086533914806,0,0.240434390518919,0.171224032713617,0,0,0,0,0.07054921249202,0,0.010682755877746,0,0,0.07068853016153,0,0.0888610418913995,0.0172654048988073,0.0345458830331332,0,0,0.992,-0.0755057971913156,1.15914506910554
wu243,0.117353576037905,0,0.0183096443264941,0.131628426015422,0.0562931209174826,0.0119230347288475,0.155312838391277,0,0.0456235181406856,0,0.174846439610243,0,0.0533341582461328,0.0186517864460866,0,0.0583792675714236,0.0179770989932537,0.00179796963739888,0.138569120937348,0,0,0,0.902,-0.0212659442783185,1.10395688302285
wu245,0.280953494449756,0,0.0201587766367134,0,0.115763606512337,0,0,0.0719704345987931,0.0782653843875353,0.0305991897002145,0.104850643938247,0,0,0.197217623684208,0,0.0783338356153104,0,0,0,0.0218870104768858,0,0,0.962,-0.0437867154457632,1.13908767430871
wu246,0.0952525091276532,0,0,0,0.0654986521589851,0.131791301446129,0.0761906258669756,0,0,0,0.0974317520357804,0,0.0592151841041236,0.145956150047519,0,0.210696422301458,0,0.0579652769142182,0.060002125997158,0,0,0,0.034,0.221994648817085,1.00105005470968
wu249,0.264593074694214,0,0,0.00040656662397336,0.103633598340008,0.0644961579936934,0.198500069014738,0,0,0,0,0.0525107131640953,0.07210998638443,0.0084649199852098,0,0.100951327522262,0,0,0.134333586277376,0,0,0,0.998,-0.121079787555933,1.1349631897618
wu251,0.0781519378035991,0,0.000437435583270701,0,0,0.386388244933335,0,0.0829247645376253,0,0,0.179872819928076,0,0.0785059012353239,0.0144955505047766,0,0.0140041531184633,0,0.0609702399602294,0,0.0830536560733932,0.0211952963219072,0,0.882,-0.0157295948692047,1.13782934272863
wu253,0.044436329298214,0,0,0,0.139911016636681,0.0399544681091813,0,0.00258554820947534,0,0,0.200337218865674,0,0.0881979628306792,0.210162528269898,0,0.0668559616823388,0,0.0342207819200574,0.128333076445117,0,0.0450051077326834,0,0.818,-0.00180548303365749,1.11406949769042
wu255,0.125209770266931,0,0.00776340755657166,0,0.028982316244613,0.116352058141794,0.208508287927608,0,0,0,0.0609521992928661,0,0.0384373120177562,0.110211373824246,0,0.245136862897273,0,0.0172079680555677,0.0412384437747737,0,0,0,0.004,0.339574983826669,0.943263008153932
wu256,0.0904250010175071,0,0,0,0.13923864704617,0.108772790741967,0,0,0.0830026332959915,0,0.091689006408858,0,0.0314713660970513,0.124912546290615,0,0.0871165086563846,0,0.0812128654210447,0.162158635024411,0,0,0,0.984,-0.0579332901699186,1.11887602594037
wu258,0.107593233136983,0,0,0,0,0.120592128273455,0,0,0.217533997349592,0,0,0,0,0,0,0.222300042528515,0,0.117673897759445,0.21430670095201,0,0,0,0.982,-0.053914773485945,1.11958627698756
wu260,0.10183560517555,0,0,0.308512189656614,0,0,0.224141235833771,0.0179699975103702,0,0,0,0.12561387336017,0.0455988966329699,0,0,0.0512476923818237,0,0.0496269310828361,0,0.00453355988127993,0.0709200184846154,0,0.998,-0.125882083206482,1.16307244465663
wu262,0.174695079534474,0,0.0241766783415887,0.0505664878527733,0,0.196475928129514,0.225353435121144,0,0,0,0,0.0282590995363081,0.0554145437967511,0,0,0.0781730013129169,0,0.0791623752563527,0,0.0287104505050418,0.040080234510775,0.018932686102361,0.954,-0.0370167400517536,1.09256549519512
wu263,0.103997062636728,0,0.0403940522085107,0,0.048810990415457,0.251774589689019,0,0,0.0650611002362609,0,0.264792188762041,0,0.077481751407068,0.0446493366213388,0,0,0,0,0.103038928023577,0,0,0,0.998,-0.0938943953606421,1.17527776783235
wu265,0.0711703768452075,0.236283648657929,0.0281871926131635,0.0331865163355394,0.124773230024764,0,0,0,0.0786337067448536,0,0.211461075333881,0,0.00128053260141639,0.0388985492108027,0,0.0639000961789448,2.89605907884669e-05,0,0.11219611486271,0,0,0,0.71,0.0232271600980806,1.10196775907574
wu266,0.123580211075937,0,0.0507149582512939,0.157181323192974,0,0,0.135579274776883,0,0.00803767720550623,0,0.0921457065196535,0.00120643307874512,0.0689945804564725,0.0297110207757809,0,0.137763950384742,0,0.135764366437127,0.0579477108551326,0,0.00137278698975221,0,0.986,-0.0589906307019785,1.09211200415052
wu268,0.0667878934058023,0,0.0168508774680546,0.0427232189541133,0.146476978711673,0.216511528308766,0.0966805655646123,0,0,0,0.24034970449809,0,0.0656017450656299,0,0,0.0457794253045061,0,0.0364725925601456,0,0.00466371071556694,0.0211017594430405,0,0.646,0.0364363869822629,1.11957083812038
wu269,0.126759027839205,0,0.00804926688120929,0,0.155827667378193,0.149851029884918,0.258841495413937,0,0,0,0.0999777971144382,0,0.0241030429664308,0,0,0.0848658383849193,0,0.0463747101868582,0.0453501239498918,0,0,0,0.05,0.190457116034219,1.0110399844565
wu270,0.167923551733124,0,0,0,0,0.119361876496478,0,0,0.218565839679366,0,0.136138760773172,0,0.0262089434232502,0.081831025662351,0,0.0947929254681929,0,0.00611820550582546,0.149058871258241,0,0,0,0.97,-0.0474187536235723,1.12363495434444
wu271,0.242224236187641,0,0,0,0,0.244698788474595,0.0191316016453352,0.0642754433534495,0,0,0,0.0546435365104107,0.0571063189056374,0,0,0.0744464621392409,0,0.155263138889274,0.0702386362851817,0,0.00710193746364152,0.0108699001455927,0.516,0.0561693774092573,1.07427529121664
wu272,0.2103701462854,0,0,0.177031869674067,0.137333419399719,0,0.0236807540750919,0.0919790034248464,0.0309640991456077,0,0.0306821043203431,0.0282285988328143,0.0541167308902498,0,0,0.094498192141939,0,0.00864792392779961,0.0719727272226829,0.026494147308766,0.0140002833506741,0,0.992,-0.0752781502272251,1.14013674193624
wu273,0.14061456312752,0,0.0477846784060745,0,0.0615765872235311,0.227202923995793,0.198934341680991,0,0,0,0.056549644827616,0,0.0455676165921002,0.00782884158398638,0,0.119343576454751,0,0.0126012341377318,0,0.0819959919699043,0,0,0.962,-0.0440642189678288,1.09778305129896
wu275,0.300889310415459,0,0,0,0.0214609002132768,0.178538496453551,0.0459991183085903,0,0.0194659226846236,0,0.047418160316977,0,0.0306587620786144,0.216073591000103,0,0.0707580798244256,0,0.0208555999672318,0.0478820587371478,0,0,0,0.678,0.0300246697509853,1.10405860653228
wu276,0.142539787561993,0,0.108587154256107,0.0163297592809823,0,0.245102785038484,0,0.0585776975836624,0,0,0.0725272218780155,0,0.0538252865111171,0.0554674002077935,0,0.0940576114734872,0,0.0870234940793947,0,0.0201078374061872,0.0458539647227765,0,0.998,-0.0963502080173338,1.11816035972059
wu277,0.18010263384055,0,0.123728108506037,0.0644885932571166,0.135010359329676,0,0.207726521980887,0,0,0,0.064008570825972,0,0.00620404888234054,0.0246678291336041,0,0.092303949442612,0,0.032573856510592,0.0651854844015794,0,0.00400004388903432,0,0.742,0.0162169267465026,1.06155994149136
wu279,0.209686818521641,0,0.00286819996080347,0.0340638070903061,0.15200804413403,0.0430444795811486,0.25719659539021,0,0,0,0.189310810485944,0,0.046267665660636,0.0104156801680971,0,0,0,0.00365863468397861,0.0450610381588591,0,0.00641822616434657,0,0.85,-0.00789048265056937,1.11253742452422
wu280,0.0617262097541485,0,0,0,0.135623736365793,0.135105704670771,0,0,0.102422186696003,0,0.133013773971291,0,0.0314333415592596,0,0,0.227270763907106,0,0.00090759779711934,0.134723061805814,0,0.0377736234726941,0,0.998,-0.122898582208153,1.148476334768
wu282,0.0193504434961103,0,0,0,0.00868206675573186,0.114011254966022,0.0642762123280378,0,0.00362364106275441,0,0.0646688444783332,0,0,0.364099538388667,0,0.289943243206091,0,0.010575911468137,0.0607688438501156,0,0,0,0,0.399518956916276,0.951408491768703
wu283,0.185407684518667,0,0,0,0,0.105232520406994,0.151026606742049,0,0,0,0.0853706718397025,0,0.0480979248494091,0.0129961902089003,0,0.160299079497519,0,0.067929944241469,0.18363937769529,0,0,0,0.992,-0.0776810520917837,1.10765386315557
wu284,0.27152091843989,0,0.130228331827598,0.17859796738379,0,0.175983188612508,0,0,0,0,0.0428833583109327,0,0.0775003998654696,0.0234856194968671,0,0.0351144479020411,0,0.0314210594025436,0.0332647087583603,0,0,0,0.998,-0.112857316910341,1.15172876296859
wu285,0.198626896521452,0,0,0,0.0882798346524827,0.157916177241728,0.111487258667735,0,0.0506751011681014,0,0.156951328347911,0,0.0534346290227046,0.00730753293167417,0,0.117218555485661,0,0,0.0581026859605494,0,0,0,0.998,-0.119726636877637,1.15096152386254
wu286,0.0571127818390592,0,0,0.13570391597539,0.115511726335439,0.0807853119637418,0.0511552341655262,0,0.0477361758157429,0,0.154228797774208,0,0.120237807642323,0,0,0.117296723200781,0,0.0144510862611664,0.0722810200904668,0,0.0334994189361563,0,0.998,-0.107632146591119,1.14961896480662
wu287,0.177705018825094,0,0.135134289215198,0.0300334367274267,0,0.170085896250114,0,0.234545006646945,0,0,0.0244345995071186,0,0.0534738710934034,0,0,0,0,0.0066672414734884,0,0.119036332543198,0.0488843077180143,0,0.81,0.00131755329587247,1.09910402554287
wu288,0.176765421798786,0,0.00720232681976504,0,0.0614353651151968,0.156881157525222,0.111599051825998,0,0,0,0.0910565283767514,0,0.0366441195748576,0,0,0.165854939283273,0,0,0.170380868356282,0,0.0221802213238682,0,0.97,-0.0473472384668118,1.10516473141397
wu290,0.32140397485075,0,0.0264070871307225,0.184637646668412,0,0.0514628157015305,0,0.088136567744319,0.0995073315132302,0,0.0122358884024843,0.00699669110520483,0.0135106542161197,0.0402313248694612,0,0,0.050404193631091,0.00111231033723401,0.0824469930918374,0,0.0215065207376039,0,0.996,-0.0882696055735656,1.15808706886284
wu291,0.221826777589926,0,0,0,0,0.1557036799416,0,0,0.032897501885872,0,0.0902777099454856,0,0.0895331005373889,0.0504739964473804,0,0.163887682269575,0.0187128316443361,0.048250626658091,0.128436093080345,0,0,0,0.926,-0.0287372890508497,1.10118399620423
wu292,0.166146849640779,0,0.0376190364093688,0,0.0747856897001537,0.138308104874555,0.0531446718016939,0,0,0,0.167175046364092,0,0.0363457736626803,0.0187224725740231,0,0.0581529281942126,0,0.0895045374021736,0.154116416800083,0,0.00597847257618381,0,0.46,0.0687113302485037,1.06159949854968
wu295,0.150716200744821,0,0.020979277901737,0.0265285276491932,0,0.276404635401369,0.203996878323006,0,0,0,0,0,0.0612044803506947,0.117185588302545,0.00398474371986095,0.0596477972826931,0,0,0.015603968741825,0,0.0637479015822551,0,0.466,0.0669951577301153,1.06295223910018
wu297,0.200584511000406,0,0.0629100342938318,0.0277625714018237,0,0.0862424897699914,0.160198276065627,0,0,0,0.0318192397950265,0,0,0.221849007661387,0,0.13499293485052,0,0.0459849399236605,0.0276559952377258,0,0,0,0.038,0.210905002731548,1.00676100620667
wu299,0.262643435765525,0,0,0.0514987196889599,0.0267575501122129,0,0.135888443720227,0,0.172039671378316,0,0.163669764780485,0,0.0343075357861908,0.0476610214962063,0,0,0,0.0075180711311747,0.0980157861407026,0,0,0,0.998,-0.0937069115715613,1.15145007553677
wu300,0.0707336170562824,0,0,0,0.00300615209112494,0.17126319318892,0,0,0.018411530076763,0,0.0302568499610518,0,0.140433197388305,0.167452023379954,0,0.324949999258564,0,0.0237516137599633,0.0497418238390724,0,0,0,0.034,0.228829594030407,1.02264153305675
